{"btc-eth": [0.0983, 0.09810381, 0.0981038, 0.09830106, 0.09843, 0.09844, 0.09830106, 0.0981038, 0.0983, 0.0981038, 0.0981038, 0.098, 0.098, 0.09805, 0.09805, 0.098, 0.09791299, 0.09791298, 0.097913, 0.09775, 0.09858498, 0.0984026, 0.098, 0.09853454, 0.09853453, 0.0985345, 0.0985345, 0.0985345, 0.09800608, 0.09800608], "btc-ltc": [0.02221, 0.02221, 0.02218559, 0.02215999, 0.02221, 0.02215999, 0.02222996, 0.02226328, 0.02239857, 0.0223936, 0.0223937, 0.0223987, 0.02249379, 0.02246197, 0.0223936, 0.02229092, 0.02229093, 0.02229091, 0.02229091, 0.02229059, 0.02229059, 0.0223328, 0.02233289, 0.02221022, 0.02221523, 0.022225, 0.02232007, 0.02223079, 0.0223, 0.0223], "eth-ltc": [0.22721397, 0.22721397, 0.2271894, 0.2271894, 0.2271894, 0.2271894, 0.2271894, 0.22479979, 0.2271655, 0.2271655, 0.2271655, 0.22803528, 0.22803528, 0.22899396, 0.228984, 0.22898397, 0.22714593, 0.22714593, 0.2270943, 0.2270808, 0.2270808, 0.22619519, 0.2270943, 0.227095, 0.227095, 0.227095, 0.227095, 0.22619519, 0.227, 0.227], "btc-neo": [0.0127, 0.0126746, 0.0127, 0.01271, 0.01271, 0.01267461, 0.0126999, 0.01265805, 0.01267459, 0.01265806, 0.01265807, 0.01267459, 0.0126746, 0.01271, 0.01271, 0.01265808, 0.01265808, 0.01265807, 0.01265805, 0.01265807, 0.0127, 0.01271811, 0.01265807, 0.01265807, 0.01265172, 0.01265807, 0.01265807, 0.01265051, 0.01269267, 0.01269267], "eth-btc": [10.172939979654121, 10.193284032495782, 10.193285071526281, 10.172830282806716, 10.15950421619425, 10.158472165786266, 10.172830282806716, 10.193285071526281, 10.172939979654121, 10.193285071526281, 10.193285071526281, 10.204081632653061, 10.204081632653061, 10.198878123406425, 10.198878123406425, 10.204081632653061, 10.213149450343616, 10.213150493427941, 10.213148407259506, 10.230179028132993, 10.14353302095309, 10.162333109084516, 10.204081632653061, 10.148725512901365, 10.148726542867765, 10.148729632768218, 10.148729632768218, 10.148729632768218, 10.203448602372426, 10.203448602372426], "eth-xrp": [0.00114478, 0.00115922, 0.00116175, 0.001162, 0.00115159, 0.00115159, 0.00115225, 0.0011523, 0.0011523, 0.0011523, 0.0011523, 0.00115533, 0.00115533, 0.00115533, 0.00115533, 0.00115533, 0.00116563, 0.00116617, 0.00116617, 0.00116614, 0.00115634, 0.00115634, 0.00115634, 0.00116572, 0.00116572, 0.00116572, 0.00116572, 0.00116572, 0.0011523, 0.0011523], "eth-neo": [0.12921001, 0.12921016, 0.12921015, 0.12921015, 0.12921015, 0.12921015, 0.12921015, 0.12921015, 0.12921015, 0.12921015, 0.12921015, 0.1298822, 0.1298822, 0.1298822, 0.1298822, 0.1298822, 0.1298822, 0.12988221, 0.12988221, 0.12988221, 0.12988221, 0.12952043, 0.12952043, 0.12952043, 0.12952043, 0.12952043, 0.129421, 0.129421, 0.12952043, 0.12952043], "btc-xrp": [0.00011351, 0.00011351, 0.00011351, 0.00011351, 0.00011351, 0.00011351, 0.00011351, 0.00011413, 0.00011413, 0.00011374, 0.00011412, 0.000114, 0.00011353, 0.00011399, 0.00011401, 0.00011399, 0.000114, 0.00011409, 0.00011409, 0.00011415, 0.00011361, 0.00011408, 0.0001136, 0.00011399, 0.00011382, 0.0001137, 0.00011376, 0.00011378, 0.00011385, 0.00011385]}
