{"btc-eth": 0.09800608, "btc-ltc": 0.0223, "eth-ltc": 0.227, "btc-neo": 0.01269267, "eth-btc": 10.203448602372426, "eth-xrp": 0.0011523, "eth-neo": 0.12952043, "btc-xrp": 0.00011385}
